{"cameraMode":{"drawMode":0,"name":"Shaded","section":"Shading Mode"},"sceneLighting":true,"audioPlay":false,"sceneViewState":{"m_AlwaysRefresh":false,"showFog":true,"showSkybox":true,"showFlares":true,"showImageEffects":true,"showParticleSystems":true,"showVisualEffectGraphs":true,"m_FxEnabled":false},"in2DMode":false,"pivot":{"x":-0.08227920532226563,"y":8.411593437194825,"z":-25.92310333251953},"rotation":{"x":0.26095351576805117,"y":-0.003496964927762747,"z":0.0008963299915194511,"w":0.9653882384300232},"size":6.077279567718506,"orthographic":false}