{"cameraMode":{"drawMode":0,"name":"Shaded","section":"Shading Mode"},"sceneLighting":false,"audioPlay":false,"sceneViewState":{"m_AlwaysRefresh":false,"showFog":true,"showSkybox":false,"showFlares":true,"showImageEffects":true,"showParticleSystems":true,"showVisualEffectGraphs":true,"m_FxEnabled":false},"in2DMode":false,"pivot":{"x":-0.6300000548362732,"y":0.16449999809265138,"z":-2.5399999618530275},"rotation":{"x":-0.14114797115325929,"y":0.009529471397399903,"z":-0.0010895169107243419,"w":-0.9901095032691956},"size":3.535928964614868,"orthographic":false}